Table of Iterations,,
Iteration count,dstep I (cm),||Rstepi||(N)
0,6.67x10-3,2x104
1,1.333x10-2,6600
2,1.553x10-2,4356
3,1.6985x10-2,2874.96
4,1.7944x10-2,1897.13
5,1.857637x10-2,1252.1026
6,1.89937x10-2,826.426
7,1.9269x10-2,545.62
